rank,priority,score,company_id,name,website,city,stage,hiring,on_map,tasks,issues,next_actions
1,P1,291,predicthq,PredictHQ,,Unknown,Unknown,yes,no,missing_website; unconfirmed_location; unknown_stage; generic_sector; stale_hiring; missing_funding; missing_founders; missing_founded_year; no_source,"No website; Australian HQ not confirmed (so not on the map); Stage unknown; Sector names a business model, not an industry (Data); Hiring flag has no dated check (no dated check on record); No funding information; No founders listed; Founded year unknown; No source on record","Find the company's official site (an investor portfolio page is a good start) and record it with its source. | Look for an Australian address on the company site (contact, privacy or terms page). Leave it Unconfirmed if there is none. | Check the latest funding announcement and record the round with its source."
2,P1,286,joyn,Joyn,,Unknown,Unknown,no,no,missing_website; unconfirmed_location; unknown_sector; unknown_stage; missing_funding; missing_founders; missing_investors; missing_founded_year; no_source,No website; Australian HQ not confirmed (so not on the map); Sector unknown; Stage unknown; No funding information; No founders listed; No investors listed; Founded year unknown; No source on record,"Find the company's official site (an investor portfolio page is a good start) and record it with its source. | Look for an Australian address on the company site (contact, privacy or terms page). Leave it Unconfirmed if there is none. | Choose a sector from the company's own description."
3,P1,277,brumby,Brumby (formerly GrazeMate),,Sydney,Unknown,no,yes,missing_website; unknown_sector; missing_description; unknown_stage; missing_funding; missing_founders; missing_investors; missing_founded_year; approximate_pin; no_source,No website; Sector unknown; No description; Stage unknown; No funding information; No founders listed; No investors listed; Founded year unknown; Pin is approximate (no street address); No source on record,Find the company's official site (an investor portfolio page is a good start) and record it with its source. | Choose a sector from the company's own description. | Write a one-line description from the company's own site.
4,P1,277,truestate,TrueState,,Sydney,Unknown,no,yes,missing_website; unknown_sector; missing_description; unknown_stage; missing_funding; missing_founders; missing_investors; missing_founded_year; approximate_pin; no_source,No website; Sector unknown; No description; Stage unknown; No funding information; No founders listed; No investors listed; Founded year unknown; Pin is approximate (no street address); No source on record,Find the company's official site (an investor portfolio page is a good start) and record it with its source. | Choose a sector from the company's own description. | Write a one-line description from the company's own site.
5,P1,271,alloy,Alloy,,Sydney,Unknown,no,yes,missing_website; unknown_sector; missing_description; unknown_stage; missing_funding; missing_founders; missing_investors; missing_founded_year; no_source,No website; Sector unknown; No description; Stage unknown; No funding information; No founders listed; No investors listed; Founded year unknown; No source on record,Find the company's official site (an investor portfolio page is a good start) and record it with its source. | Choose a sector from the company's own description. | Write a one-line description from the company's own site.
6,P1,271,everlab,Everlab,,Melbourne,Unknown,no,yes,missing_website; unknown_sector; missing_description; unknown_stage; missing_funding; missing_founders; missing_investors; missing_founded_year; no_source,No website; Sector unknown; No description; Stage unknown; No funding information; No founders listed; No investors listed; Founded year unknown; No source on record,Find the company's official site (an investor portfolio page is a good start) and record it with its source. | Choose a sector from the company's own description. | Write a one-line description from the company's own site.
7,P1,271,greaseboss,GreaseBoss,,Warana,Unknown,no,yes,missing_website; unknown_sector; missing_description; unknown_stage; missing_funding; missing_founders; missing_investors; missing_founded_year; no_source,No website; Sector unknown; No description; Stage unknown; No funding information; No founders listed; No investors listed; Founded year unknown; No source on record,Find the company's official site (an investor portfolio page is a good start) and record it with its source. | Choose a sector from the company's own description. | Write a one-line description from the company's own site.
8,P1,271,xmo,XMO,,Melbourne,Unknown,no,yes,missing_website; unknown_sector; missing_description; unknown_stage; missing_funding; missing_founders; missing_investors; missing_founded_year; no_source,No website; Sector unknown; No description; Stage unknown; No funding information; No founders listed; No investors listed; Founded year unknown; No source on record,Find the company's official site (an investor portfolio page is a good start) and record it with its source. | Choose a sector from the company's own description. | Write a one-line description from the company's own site.
9,P1,259,heo-robotics,HEO Robotics,,Sydney,Unknown,no,yes,missing_website; unknown_sector; missing_description; unknown_stage; missing_funding; missing_investors; missing_founded_year; no_source,No website; Sector unknown; No description; Stage unknown; No funding information; No investors listed; Founded year unknown; No source on record,Find the company's official site (an investor portfolio page is a good start) and record it with its source. | Choose a sector from the company's own description. | Write a one-line description from the company's own site.
10,P1,259,hotdoc,HotDoc,,Melbourne,Unknown,no,yes,missing_website; unknown_sector; missing_description; unknown_stage; missing_funding; missing_investors; missing_founded_year; no_source,No website; Sector unknown; No description; Stage unknown; No funding information; No investors listed; Founded year unknown; No source on record,Find the company's official site (an investor portfolio page is a good start) and record it with its source. | Choose a sector from the company's own description. | Write a one-line description from the company's own site.
11,P1,259,lyrebird-health,Lyrebird Health,,Melbourne,Unknown,no,yes,missing_website; unknown_sector; missing_description; unknown_stage; missing_funding; missing_investors; missing_founded_year; no_source,No website; Sector unknown; No description; Stage unknown; No funding information; No investors listed; Founded year unknown; No source on record,Find the company's official site (an investor portfolio page is a good start) and record it with its source. | Choose a sector from the company's own description. | Write a one-line description from the company's own site.
12,P1,259,qwilr,Qwilr,,Sydney,Unknown,no,yes,missing_website; unknown_sector; missing_description; unknown_stage; missing_funding; missing_investors; missing_founded_year; no_source,No website; Sector unknown; No description; Stage unknown; No funding information; No investors listed; Founded year unknown; No source on record,Find the company's official site (an investor portfolio page is a good start) and record it with its source. | Choose a sector from the company's own description. | Write a one-line description from the company's own site.
13,P1,259,who-gives-a-crap,Who Gives a Crap,,Melbourne,Unknown,no,yes,missing_website; unknown_sector; missing_description; unknown_stage; missing_funding; missing_investors; missing_founded_year; no_source,No website; Sector unknown; No description; Stage unknown; No funding information; No investors listed; Founded year unknown; No source on record,Find the company's official site (an investor portfolio page is a good start) and record it with its source. | Choose a sector from the company's own description. | Write a one-line description from the company's own site.
14,P1,218,edrolo,Edrolo,,Melbourne,Growth,no,yes,missing_website; unknown_sector; missing_description; missing_funding; missing_investors; missing_founded_year; unverified_stage; no_source,No website; Sector unknown; No description; No funding information; No investors listed; Founded year unknown; Stage has never been checked against a source; No source on record,Find the company's official site (an investor portfolio page is a good start) and record it with its source. | Choose a sector from the company's own description. | Write a one-line description from the company's own site.
15,P1,214,baraja,Baraja,,Sydney,Unknown,yes,yes,missing_website; unknown_stage; generic_sector; stale_hiring; missing_funding; missing_founded_year; no_source,"No website; Stage unknown; Sector names a business model, not an industry (Hardware); Hiring flag has no dated check (no dated check on record); No funding information; Founded year unknown; No source on record",Find the company's official site (an investor portfolio page is a good start) and record it with its source. | Check the latest funding announcement and record the round with its source. | Pick the industry the company serves (sectorFull may help).
16,P1,207,kwetta,Kwetta,,Unknown,Early,yes,no,missing_website; unconfirmed_location; stale_hiring; missing_funding; unverified_stage; missing_founded_year; no_source,No website; Australian HQ not confirmed (so not on the map); Hiring flag has no dated check (no dated check on record); No funding information; Stage has never been checked against a source; Founded year unknown; No source on record,"Find the company's official site (an investor portfolio page is a good start) and record it with its source. | Look for an Australian address on the company site (contact, privacy or terms page). Leave it Unconfirmed if there is none. | Open the careers page, set the flag from what is listed, and record it as hiring_status evidence."
17,P1,203,ivo,Ivo,,Unknown,Growth,yes,no,missing_website; unconfirmed_location; stale_hiring; missing_funding; missing_founded_year; unverified_stage; no_source,No website; Australian HQ not confirmed (so not on the map); Hiring flag has no dated check (no dated check on record); No funding information; Founded year unknown; Stage has never been checked against a source; No source on record,"Find the company's official site (an investor portfolio page is a good start) and record it with its source. | Look for an Australian address on the company site (contact, privacy or terms page). Leave it Unconfirmed if there is none. | Open the careers page, set the flag from what is listed, and record it as hiring_status evidence."
18,P1,203,strong-compute,Strong Compute,,Sydney,Seed,no,yes,missing_website; missing_description; generic_sector; missing_funding; missing_investors; unverified_stage; missing_founded_year; approximate_pin; no_source,"No website; No description; Sector names a business model, not an industry (Enterprise); No funding information; No investors listed; Stage has never been checked against a source; Founded year unknown; Pin is approximate (no street address); No source on record",Find the company's official site (an investor portfolio page is a good start) and record it with its source. | Write a one-line description from the company's own site. | Pick the industry the company serves (sectorFull may help).
19,P1,201,care-gp,Care GP,https://www.caregp.com.au,Adelaide,Unknown,no,yes,unknown_sector; missing_description; unknown_stage; missing_funding; missing_founders; missing_investors; missing_founded_year; no_source,Sector unknown; No description; Stage unknown; No funding information; No founders listed; No investors listed; Founded year unknown; No source on record,Choose a sector from the company's own description. | Write a one-line description from the company's own site. | Check the latest funding announcement and record the round with its source.
20,P1,197,fair-supply,Fair Supply,,Sydney,Series A,no,yes,missing_website; missing_description; generic_sector; missing_funding; missing_investors; unverified_stage; missing_founded_year; no_source,"No website; No description; Sector names a business model, not an industry (SaaS); No funding information; No investors listed; Stage has never been checked against a source; Founded year unknown; No source on record",Find the company's official site (an investor portfolio page is a good start) and record it with its source. | Write a one-line description from the company's own site. | Pick the industry the company serves (sectorFull may help).
21,P1,191,mass-dynamics,Mass Dynamics,,Melbourne,Unknown,yes,yes,missing_website; unknown_stage; stale_hiring; missing_funding; missing_founders; missing_founded_year; no_source,No website; Stage unknown; Hiring flag has no dated check (no dated check on record); No funding information; No founders listed; Founded year unknown; No source on record,"Find the company's official site (an investor portfolio page is a good start) and record it with its source. | Check the latest funding announcement and record the round with its source. | Open the careers page, set the flag from what is listed, and record it as hiring_status evidence."
22,P1,191,orkestra,Orkestra,,Melbourne,Unknown,yes,yes,missing_website; unknown_stage; stale_hiring; missing_funding; missing_founders; missing_founded_year; no_source,No website; Stage unknown; Hiring flag has no dated check (no dated check on record); No funding information; No founders listed; Founded year unknown; No source on record,"Find the company's official site (an investor portfolio page is a good start) and record it with its source. | Check the latest funding announcement and record the round with its source. | Open the careers page, set the flag from what is listed, and record it as hiring_status evidence."
23,P1,191,pathzero,Pathzero,,Sydney,Unknown,yes,yes,missing_website; unknown_stage; stale_hiring; missing_funding; missing_founders; missing_founded_year; no_source,No website; Stage unknown; Hiring flag has no dated check (no dated check on record); No funding information; No founders listed; Founded year unknown; No source on record,"Find the company's official site (an investor portfolio page is a good start) and record it with its source. | Check the latest funding announcement and record the round with its source. | Open the careers page, set the flag from what is listed, and record it as hiring_status evidence."
24,P1,191,restoke,Restoke,,Carlton,Unknown,yes,yes,missing_website; unknown_stage; stale_hiring; missing_funding; missing_founders; missing_founded_year; no_source,No website; Stage unknown; Hiring flag has no dated check (no dated check on record); No funding information; No founders listed; Founded year unknown; No source on record,"Find the company's official site (an investor portfolio page is a good start) and record it with its source. | Check the latest funding announcement and record the round with its source. | Open the careers page, set the flag from what is listed, and record it as hiring_status evidence."
25,P1,187,nura,Nura,,Melbourne,Seed,yes,yes,missing_website; generic_sector; stale_hiring; missing_funding; missing_investors; unverified_stage; missing_founded_year; no_source,"No website; Sector names a business model, not an industry (Hardware); Hiring flag has no dated check (no dated check on record); No funding information; No investors listed; Stage has never been checked against a source; Founded year unknown; No source on record","Find the company's official site (an investor portfolio page is a good start) and record it with its source. | Pick the industry the company serves (sectorFull may help). | Open the careers page, set the flag from what is listed, and record it as hiring_status evidence."
26,P1,185,hatch,Hatch,,Sydney,Unknown,yes,yes,missing_website; unknown_stage; stale_hiring; missing_funding; missing_founded_year; approximate_pin; no_source,No website; Stage unknown; Hiring flag has no dated check (no dated check on record); No funding information; Founded year unknown; Pin is approximate (no street address); No source on record,"Find the company's official site (an investor portfolio page is a good start) and record it with its source. | Check the latest funding announcement and record the round with its source. | Open the careers page, set the flag from what is listed, and record it as hiring_status evidence."
27,P1,179,agovor,Agovor,,Unknown,Pre-seed,no,no,missing_website; unconfirmed_location; missing_funding; missing_founders; unverified_stage; missing_founded_year; no_source,No website; Australian HQ not confirmed (so not on the map); No funding information; No founders listed; Stage has never been checked against a source; Founded year unknown; No source on record,"Find the company's official site (an investor portfolio page is a good start) and record it with its source. | Look for an Australian address on the company site (contact, privacy or terms page). Leave it Unconfirmed if there is none. | Record the latest round from an announcement, with its source."
28,P1,179,cake-equity,Cake Equity,,Gold Coast,Unknown,yes,yes,missing_website; unknown_stage; stale_hiring; missing_funding; missing_founded_year; no_source,No website; Stage unknown; Hiring flag has no dated check (no dated check on record); No funding information; Founded year unknown; No source on record,"Find the company's official site (an investor portfolio page is a good start) and record it with its source. | Check the latest funding announcement and record the round with its source. | Open the careers page, set the flag from what is listed, and record it as hiring_status evidence."
29,P1,174,fetch,Fetch,,Sydney,Seed,no,yes,missing_website; missing_description; missing_funding; missing_founders; missing_investors; unverified_stage; missing_founded_year; no_source,No website; No description; No funding information; No founders listed; No investors listed; Stage has never been checked against a source; Founded year unknown; No source on record,"Find the company's official site (an investor portfolio page is a good start) and record it with its source. | Write a one-line description from the company's own site. | Record the latest round from an announcement, with its source."
30,P1,162,frankieone,FrankieOne,,Melbourne,Series A,no,yes,missing_website; missing_description; missing_funding; missing_investors; unverified_stage; missing_founded_year; no_source,No website; No description; No funding information; No investors listed; Stage has never been checked against a source; Founded year unknown; No source on record,"Find the company's official site (an investor portfolio page is a good start) and record it with its source. | Write a one-line description from the company's own site. | Record the latest round from an announcement, with its source."
31,P1,155,keeyu,Keeyu,,Sydney,Early,no,yes,missing_website; generic_sector; missing_funding; missing_founders; unverified_stage; missing_founded_year; approximate_pin; no_source,"No website; Sector names a business model, not an industry (SaaS); No funding information; No founders listed; Stage has never been checked against a source; Founded year unknown; Pin is approximate (no street address); No source on record","Find the company's official site (an investor portfolio page is a good start) and record it with its source. | Pick the industry the company serves (sectorFull may help). | Record the latest round from an announcement, with its source."
32,P1,148,springboards,Springboards,,Noosa,Seed,yes,yes,missing_website; stale_hiring; missing_funding; unverified_stage; missing_founded_year; approximate_pin; no_source,No website; Hiring flag has no dated check (no dated check on record); No funding information; Stage has never been checked against a source; Founded year unknown; Pin is approximate (no street address); No source on record,"Find the company's official site (an investor portfolio page is a good start) and record it with its source. | Open the careers page, set the flag from what is listed, and record it as hiring_status evidence. | Record the latest round from an announcement, with its source."
33,P1,144,propeller-aero,Propeller Aero,https://www.propelleraero.com,Sydney,Unknown,yes,yes,unknown_stage; generic_sector; stale_hiring; missing_funding; missing_founded_year; no_source,"Stage unknown; Sector names a business model, not an industry (Enterprise Software); Hiring flag has no dated check (no dated check on record); No funding information; Founded year unknown; No source on record","Check the latest funding announcement and record the round with its source. | Pick the industry the company serves (sectorFull may help). | Open the careers page, set the flag from what is listed, and record it as hiring_status evidence."
34,P1,144,zoomo,Zoomo,https://zoomo.co,Sydney,Unknown,yes,yes,unknown_stage; generic_sector; stale_hiring; missing_funding; missing_founded_year; no_source,"Stage unknown; Sector names a business model, not an industry (Hardware); Hiring flag has no dated check (no dated check on record); No funding information; Founded year unknown; No source on record","Check the latest funding announcement and record the round with its source. | Pick the industry the company serves (sectorFull may help). | Open the careers page, set the flag from what is listed, and record it as hiring_status evidence."
35,P1,142,constantinople,Constantinople,,Sydney,Series A,yes,yes,missing_website; stale_hiring; missing_funding; unverified_stage; missing_founded_year; no_source,No website; Hiring flag has no dated check (no dated check on record); No funding information; Stage has never been checked against a source; Founded year unknown; No source on record,"Find the company's official site (an investor portfolio page is a good start) and record it with its source. | Open the careers page, set the flag from what is listed, and record it as hiring_status evidence. | Record the latest round from an announcement, with its source."
36,P1,136,equitise,Equitise,https://equitise.com,Unknown,Defunct (in administration),no,no,unconfirmed_location; lifecycle_check; missing_funding; missing_founders; missing_founded_year; no_source,"Australian HQ not confirmed (so not on the map); Marked defunct, acquired or a subsidiary (Defunct (in administration)); No funding information; No founders listed; Founded year unknown; No source on record","Look for an Australian address on the company site (contact, privacy or terms page). Leave it Unconfirmed if there is none. | Confirm the event and its date, and decide whether the company should stay listed. | Record the latest round from an announcement, with its source."
37,P1,122,karbon,Karbon,https://karbonhq.com,Sydney,Early,yes,yes,generic_sector; stale_hiring; stale_stage; missing_funding; approximate_pin; no_source,"Sector names a business model, not an industry (SaaS); Hiring flag has no dated check (no dated check on record); Stage looks out of date (founded 2014 but still labelled Early); No funding information; Pin is approximate (no street address); No source on record","Pick the industry the company serves (sectorFull may help). | Open the careers page, set the flag from what is listed, and record it as hiring_status evidence. | Check for a newer funding round and record stage or last_funding_round evidence."
38,P1,120,fourday,Fourday,,Sydney,Early,no,yes,missing_website; missing_funding; missing_founders; unverified_stage; missing_founded_year; approximate_pin; no_source,No website; No funding information; No founders listed; Stage has never been checked against a source; Founded year unknown; Pin is approximate (no street address); No source on record,"Find the company's official site (an investor portfolio page is a good start) and record it with its source. | Record the latest round from an announcement, with its source. | Check the company's About or team page."
39,P1,120,parachute,Parachute,,Sydney,Pre-seed,no,yes,missing_website; missing_funding; missing_founders; unverified_stage; missing_founded_year; approximate_pin; no_source,No website; No funding information; No founders listed; Stage has never been checked against a source; Founded year unknown; Pin is approximate (no street address); No source on record,"Find the company's official site (an investor portfolio page is a good start) and record it with its source. | Record the latest round from an announcement, with its source. | Check the company's About or team page."
40,P1,116,morse-micro,Morse Micro,https://morsemicro.com,Sydney,Early,yes,yes,generic_sector; stale_hiring; stale_stage; missing_funding; no_source,"Sector names a business model, not an industry (Hardware); Hiring flag has no dated check (no dated check on record); Stage looks out of date (founded 2016 but still labelled Early); No funding information; No source on record","Pick the industry the company serves (sectorFull may help). | Open the careers page, set the flag from what is listed, and record it as hiring_status evidence. | Check for a newer funding round and record stage or last_funding_round evidence."
41,P1,116,sendle,Sendle,https://www.sendle.com,Unknown,Defunct (in liquidation),no,no,unconfirmed_location; lifecycle_check; missing_funding; no_source,"Australian HQ not confirmed (so not on the map); Marked defunct, acquired or a subsidiary (Defunct (in liquidation)); No funding information; No source on record","Look for an Australian address on the company site (contact, privacy or terms page). Leave it Unconfirmed if there is none. | Confirm the event and its date, and decide whether the company should stay listed. | Record the latest round from an announcement, with its source."
42,P1,115,different,:Different,https://www.different.com.au,Sydney,Unknown,yes,yes,unknown_stage; stale_hiring; missing_funding; missing_founded_year; approximate_pin; no_source,Stage unknown; Hiring flag has no dated check (no dated check on record); No funding information; Founded year unknown; Pin is approximate (no street address); No source on record,"Check the latest funding announcement and record the round with its source. | Open the careers page, set the flag from what is listed, and record it as hiring_status evidence. | Record the latest round from an announcement, with its source."
43,P1,115,quantum-brilliance,Quantum Brilliance,https://quantumbrilliance.com,Canberra,Unknown,yes,yes,unknown_stage; stale_hiring; missing_funding; missing_founded_year; approximate_pin; no_source,Stage unknown; Hiring flag has no dated check (no dated check on record); No funding information; Founded year unknown; Pin is approximate (no street address); No source on record,"Check the latest funding announcement and record the round with its source. | Open the careers page, set the flag from what is listed, and record it as hiring_status evidence. | Record the latest round from an announcement, with its source."
44,P1,114,andromeda-robotics,Andromeda Robotics,,Richmond,Seed,no,yes,missing_website; missing_funding; missing_founders; unverified_stage; missing_founded_year; no_source,No website; No funding information; No founders listed; Stage has never been checked against a source; Founded year unknown; No source on record,"Find the company's official site (an investor portfolio page is a good start) and record it with its source. | Record the latest round from an announcement, with its source. | Check the company's About or team page."
45,P1,114,electralith,ElectraLith,,Melbourne,Seed,no,yes,missing_website; missing_funding; missing_founders; unverified_stage; missing_founded_year; no_source,No website; No funding information; No founders listed; Stage has never been checked against a source; Founded year unknown; No source on record,"Find the company's official site (an investor portfolio page is a good start) and record it with its source. | Record the latest round from an announcement, with its source. | Check the company's About or team page."
46,P1,114,jupiter-ionics,Jupiter Ionics,,Melbourne,Seed,no,yes,missing_website; missing_funding; missing_founders; unverified_stage; missing_founded_year; no_source,No website; No funding information; No founders listed; Stage has never been checked against a source; Founded year unknown; No source on record,"Find the company's official site (an investor portfolio page is a good start) and record it with its source. | Record the latest round from an announcement, with its source. | Check the company's About or team page."
47,P1,114,nbryo,Nbryo,,Herston,Seed,no,yes,missing_website; missing_funding; missing_founders; unverified_stage; missing_founded_year; no_source,No website; No funding information; No founders listed; Stage has never been checked against a source; Founded year unknown; No source on record,"Find the company's official site (an investor portfolio page is a good start) and record it with its source. | Record the latest round from an announcement, with its source. | Check the company's About or team page."
48,P1,114,agscent,Agscent,,Carwoola,Early,no,yes,missing_website; missing_funding; missing_founders; unverified_stage; missing_founded_year; no_source,No website; No funding information; No founders listed; Stage has never been checked against a source; Founded year unknown; No source on record,"Find the company's official site (an investor portfolio page is a good start) and record it with its source. | Record the latest round from an announcement, with its source. | Check the company's About or team page."
49,P1,114,cor,Cor (Cor AI),,Melbourne,Pre-seed,no,yes,missing_website; missing_funding; missing_founders; unverified_stage; missing_founded_year; no_source,No website; No funding information; No founders listed; Stage has never been checked against a source; Founded year unknown; No source on record,"Find the company's official site (an investor portfolio page is a good start) and record it with its source. | Record the latest round from an announcement, with its source. | Check the company's About or team page."
50,P1,114,cortisonic,Cortisonic,,Carlton,Early,no,yes,missing_website; missing_funding; missing_founders; unverified_stage; missing_founded_year; no_source,No website; No funding information; No founders listed; Stage has never been checked against a source; Founded year unknown; No source on record,"Find the company's official site (an investor portfolio page is a good start) and record it with its source. | Record the latest round from an announcement, with its source. | Check the company's About or team page."
51,P1,114,facet-amtech,Facet Amtech,,Perth,Early,no,yes,missing_website; missing_funding; missing_founders; unverified_stage; missing_founded_year; no_source,No website; No funding information; No founders listed; Stage has never been checked against a source; Founded year unknown; No source on record,"Find the company's official site (an investor portfolio page is a good start) and record it with its source. | Record the latest round from an announcement, with its source. | Check the company's About or team page."
52,P1,114,hex,Hex,,Cremorne,Early,no,yes,missing_website; missing_funding; missing_founders; unverified_stage; missing_founded_year; no_source,No website; No funding information; No founders listed; Stage has never been checked against a source; Founded year unknown; No source on record,"Find the company's official site (an investor portfolio page is a good start) and record it with its source. | Record the latest round from an announcement, with its source. | Check the company's About or team page."
53,P1,114,kite-therapy,Kite Therapy,,Melbourne,Pre-seed,no,yes,missing_website; missing_funding; missing_founders; unverified_stage; missing_founded_year; no_source,No website; No funding information; No founders listed; Stage has never been checked against a source; Founded year unknown; No source on record,"Find the company's official site (an investor portfolio page is a good start) and record it with its source. | Record the latest round from an announcement, with its source. | Check the company's About or team page."
54,P1,113,expert360,Expert360,https://expert360.com,Sydney,Series B,yes,yes,generic_sector; stale_hiring; missing_funding; missing_investors; missing_founded_year; unverified_stage; no_source,"Sector names a business model, not an industry (Marketplace); Hiring flag has no dated check (no dated check on record); No funding information; No investors listed; Founded year unknown; Stage has never been checked against a source; No source on record","Pick the industry the company serves (sectorFull may help). | Open the careers page, set the flag from what is listed, and record it as hiring_status evidence. | Record the latest round from an announcement, with its source."
55,P1,111,q-ctrl,Q-CTRL,https://q-ctrl.com,Sydney,Unknown,yes,yes,unknown_stage; stale_hiring; missing_funding; missing_investors; no_source,Stage unknown; Hiring flag has no dated check (no dated check on record); No funding information; No investors listed; No source on record,"Check the latest funding announcement and record the round with its source. | Open the careers page, set the flag from what is listed, and record it as hiring_status evidence. | Record the latest round from an announcement, with its source."
56,P1,110,forward,Forward,https://www.useforward.co,Unknown,Early,yes,no,unconfirmed_location; unapplied_evidence; missing_funding; unverified_stage,"Australian HQ not confirmed (so not on the map); Evidence recorded but not applied to the record (city: ""San Francisco""); No funding information; Stage has never been checked against a source","Look for an Australian address on the company site (contact, privacy or terms page). Leave it Unconfirmed if there is none. | Review the evidence and apply it to the record, or reject it. | Record the latest round from an announcement, with its source."
57,P1,109,audience-republic,Audience Republic,https://audiencerepublic.com,Unknown,Seed,no,no,unconfirmed_location; missing_funding; missing_founders; unverified_stage; missing_founded_year; no_source,Australian HQ not confirmed (so not on the map); No funding information; No founders listed; Stage has never been checked against a source; Founded year unknown; No source on record,"Look for an Australian address on the company site (contact, privacy or terms page). Leave it Unconfirmed if there is none. | Record the latest round from an announcement, with its source. | Check the company's About or team page."
58,P1,109,socialsuite,Socialsuite,https://socialsuitehq.com,Unknown,Seed,no,no,unconfirmed_location; missing_funding; missing_founders; unverified_stage; missing_founded_year; no_source,Australian HQ not confirmed (so not on the map); No funding information; No founders listed; Stage has never been checked against a source; Founded year unknown; No source on record,"Look for an Australian address on the company site (contact, privacy or terms page). Leave it Unconfirmed if there is none. | Record the latest round from an announcement, with its source. | Check the company's About or team page."
59,P1,109,starboard,Starboard,https://starboard.nz,Unknown,Series A,no,no,unconfirmed_location; missing_funding; missing_founders; unverified_stage; missing_founded_year; no_source,Australian HQ not confirmed (so not on the map); No funding information; No founders listed; Stage has never been checked against a source; Founded year unknown; No source on record,"Look for an Australian address on the company site (contact, privacy or terms page). Leave it Unconfirmed if there is none. | Record the latest round from an announcement, with its source. | Check the company's About or team page."
60,P1,109,vinyl,Vinyl,https://usevinyl.com,Unknown,Seed,no,no,unconfirmed_location; missing_funding; missing_founders; unverified_stage; missing_founded_year; no_source,Australian HQ not confirmed (so not on the map); No funding information; No founders listed; Stage has never been checked against a source; Founded year unknown; No source on record,"Look for an Australian address on the company site (contact, privacy or terms page). Leave it Unconfirmed if there is none. | Record the latest round from an announcement, with its source. | Check the company's About or team page."
61,P1,109,bugcrowd,Bugcrowd,https://www.bugcrowd.com,Sydney,Unknown,yes,yes,unknown_stage; stale_hiring; missing_funding; missing_founded_year; no_source,Stage unknown; Hiring flag has no dated check (no dated check on record); No funding information; Founded year unknown; No source on record,"Check the latest funding announcement and record the round with its source. | Open the careers page, set the flag from what is listed, and record it as hiring_status evidence. | Record the latest round from an announcement, with its source."
62,P1,109,edsemble,Edsemble,https://edsemble.com,Unknown,Pre-seed,no,no,unconfirmed_location; missing_funding; missing_founders; unverified_stage; missing_founded_year; no_source,Australian HQ not confirmed (so not on the map); No funding information; No founders listed; Stage has never been checked against a source; Founded year unknown; No source on record,"Look for an Australian address on the company site (contact, privacy or terms page). Leave it Unconfirmed if there is none. | Record the latest round from an announcement, with its source. | Check the company's About or team page."
63,P1,109,goterra,Goterra,https://goterra.com.au,Canberra,Unknown,yes,yes,unknown_stage; stale_hiring; missing_funding; missing_founded_year; no_source,Stage unknown; Hiring flag has no dated check (no dated check on record); No funding information; Founded year unknown; No source on record,"Check the latest funding announcement and record the round with its source. | Open the careers page, set the flag from what is listed, and record it as hiring_status evidence. | Record the latest round from an announcement, with its source."
64,P1,109,jigspace,JigSpace,https://jig.space,Melbourne,Unknown,yes,yes,unknown_stage; stale_hiring; missing_funding; missing_founded_year; no_source,Stage unknown; Hiring flag has no dated check (no dated check on record); No funding information; Founded year unknown; No source on record,"Check the latest funding announcement and record the round with its source. | Open the careers page, set the flag from what is listed, and record it as hiring_status evidence. | Record the latest round from an announcement, with its source."
65,P1,109,mindset-health,Mindset Health,https://www.mindsethealth.com,Melbourne,Unknown,yes,yes,unknown_stage; stale_hiring; missing_funding; missing_founded_year; no_source,Stage unknown; Hiring flag has no dated check (no dated check on record); No funding information; Founded year unknown; No source on record,"Check the latest funding announcement and record the round with its source. | Open the careers page, set the flag from what is listed, and record it as hiring_status evidence. | Record the latest round from an announcement, with its source."
66,P1,109,sapia-ai,Sapia.ai,https://www.sapia.ai,Melbourne,Unknown,yes,yes,unknown_stage; stale_hiring; missing_funding; missing_founded_year; no_source,Stage unknown; Hiring flag has no dated check (no dated check on record); No funding information; Founded year unknown; No source on record,"Check the latest funding announcement and record the round with its source. | Open the careers page, set the flag from what is listed, and record it as hiring_status evidence. | Record the latest round from an announcement, with its source."
67,P1,107,blinq,Blinq,https://blinq.me,Melbourne,Series A,yes,yes,generic_sector; stale_hiring; missing_funding; unverified_stage; missing_founded_year; no_source,"Sector names a business model, not an industry (SaaS); Hiring flag has no dated check (no dated check on record); No funding information; Stage has never been checked against a source; Founded year unknown; No source on record","Pick the industry the company serves (sectorFull may help). | Open the careers page, set the flag from what is listed, and record it as hiring_status evidence. | Record the latest round from an announcement, with its source."
68,P1,107,harrison-ai,Harrison.ai,https://harrison.ai,Sydney,Unknown,yes,yes,unknown_stage; stale_hiring; missing_funding; approximate_pin; no_source,Stage unknown; Hiring flag has no dated check (no dated check on record); No funding information; Pin is approximate (no street address); No source on record,"Check the latest funding announcement and record the round with its source. | Open the careers page, set the flag from what is listed, and record it as hiring_status evidence. | Record the latest round from an announcement, with its source."
69,P1,104,open,Open,,Sydney,Growth,no,yes,missing_website; missing_funding; missing_founded_year; approximate_pin; unverified_stage; no_source,No website; No funding information; Founded year unknown; Pin is approximate (no street address); Stage has never been checked against a source; No source on record,"Find the company's official site (an investor portfolio page is a good start) and record it with its source. | Record the latest round from an announcement, with its source. | Check the company's About page."
70,P1,102,seer-medical,Seer Medical,,Melbourne,Series A,no,yes,missing_website; missing_funding; unverified_stage; missing_founded_year; no_source,No website; No funding information; Stage has never been checked against a source; Founded year unknown; No source on record,"Find the company's official site (an investor portfolio page is a good start) and record it with its source. | Record the latest round from an announcement, with its source. | Check the latest funding announcement and record stage or last_funding_round evidence."
71,P1,99,advanced-navigation,Advanced Navigation,https://www.advancednavigation.com,Sydney,Series C,yes,yes,generic_sector; stale_hiring; missing_funding; missing_founded_year; no_source,"Sector names a business model, not an industry (Hardware); Hiring flag has no dated check (no dated check on record); No funding information; Founded year unknown; No source on record","Pick the industry the company serves (sectorFull may help). | Open the careers page, set the flag from what is listed, and record it as hiring_status evidence. | Record the latest round from an announcement, with its source."
72,P1,93,assignar,Assignar,https://assignar.com,Unknown,Series B,no,no,unconfirmed_location; missing_funding; missing_founded_year; unverified_stage; no_source,Australian HQ not confirmed (so not on the map); No funding information; Founded year unknown; Stage has never been checked against a source; No source on record,"Look for an Australian address on the company site (contact, privacy or terms page). Leave it Unconfirmed if there is none. | Record the latest round from an announcement, with its source. | Check the company's About page."
73,P1,91,canva,Canva,https://www.canva.com,Sydney,Series D+,yes,yes,generic_sector; stale_hiring; missing_funding; no_source,"Sector names a business model, not an industry (SaaS); Hiring flag has no dated check (no dated check on record); No funding information; No source on record","Pick the industry the company serves (sectorFull may help). | Open the careers page, set the flag from what is listed, and record it as hiring_status evidence. | Record the latest round from an announcement, with its source."
74,P1,91,linktree,Linktree,https://linktr.ee,Melbourne,Series C,yes,yes,generic_sector; stale_hiring; missing_funding; no_source,"Sector names a business model, not an industry (Consumer); Hiring flag has no dated check (no dated check on record); No funding information; No source on record","Pick the industry the company serves (sectorFull may help). | Open the careers page, set the flag from what is listed, and record it as hiring_status evidence. | Record the latest round from an announcement, with its source."
75,P1,91,safetyculture,SafetyCulture,https://safetyculture.com,Sydney,Series C,yes,yes,generic_sector; stale_hiring; missing_funding; no_source,"Sector names a business model, not an industry (Enterprise Software); Hiring flag has no dated check (no dated check on record); No funding information; No source on record","Pick the industry the company serves (sectorFull may help). | Open the careers page, set the flag from what is listed, and record it as hiring_status evidence. | Record the latest round from an announcement, with its source."
76,P1,85,pentacue-ai,PentaCue AI,https://pentacue.com,Melbourne,Pre-seed,no,yes,generic_sector; missing_funding; missing_founders; unverified_stage; missing_founded_year; approximate_pin; no_source,"Sector names a business model, not an industry (B2B SaaS); No funding information; No founders listed; Stage has never been checked against a source; Founded year unknown; Pin is approximate (no street address); No source on record","Pick the industry the company serves (sectorFull may help). | Record the latest round from an announcement, with its source. | Check the company's About or team page."
77,P1,79,renewtrak,Renewtrak,https://renewtrak.com,North Sydney,Seed,no,yes,generic_sector; missing_funding; missing_founders; unverified_stage; missing_founded_year; no_source,"Sector names a business model, not an industry (SaaS); No funding information; No founders listed; Stage has never been checked against a source; Founded year unknown; No source on record","Pick the industry the company serves (sectorFull may help). | Record the latest round from an announcement, with its source. | Check the company's About or team page."
78,P1,79,tendl,Tendl,https://tendl.ai,Brisbane,Seed,no,yes,generic_sector; missing_funding; missing_founders; unverified_stage; missing_founded_year; no_source,"Sector names a business model, not an industry (B2B SaaS); No funding information; No founders listed; Stage has never been checked against a source; Founded year unknown; No source on record","Pick the industry the company serves (sectorFull may help). | Record the latest round from an announcement, with its source. | Check the company's About or team page."
79,P1,79,bare,Bare,https://barecremation.com.au,Melbourne,Early,no,yes,generic_sector; missing_funding; missing_founders; unverified_stage; missing_founded_year; no_source,"Sector names a business model, not an industry (Consumer); No funding information; No founders listed; Stage has never been checked against a source; Founded year unknown; No source on record","Pick the industry the company serves (sectorFull may help). | Record the latest round from an announcement, with its source. | Check the company's About or team page."
80,P1,79,gloss-guide,Gloss Guide,https://glossguide.com.au,Brisbane,Pre-seed,no,yes,generic_sector; missing_funding; missing_founders; unverified_stage; missing_founded_year; no_source,"Sector names a business model, not an industry (Marketplace); No funding information; No founders listed; Stage has never been checked against a source; Founded year unknown; No source on record","Pick the industry the company serves (sectorFull may help). | Record the latest round from an announcement, with its source. | Check the company's About or team page."
81,P1,75,flippa,Flippa,https://flippa.com,Melbourne,Growth,no,yes,generic_sector; missing_funding; missing_founders; missing_founded_year; unverified_stage; no_source,"Sector names a business model, not an industry (Marketplace); No funding information; No founders listed; Founded year unknown; Stage has never been checked against a source; No source on record","Pick the industry the company serves (sectorFull may help). | Record the latest round from an announcement, with its source. | Check the company's About or team page."
82,P1,75,phocas,Phocas,https://phocassoftware.com,Sydney,Growth,no,yes,generic_sector; missing_funding; missing_founders; missing_founded_year; unverified_stage; no_source,"Sector names a business model, not an industry (Analytics); No funding information; No founders listed; Founded year unknown; Stage has never been checked against a source; No source on record","Pick the industry the company serves (sectorFull may help). | Record the latest round from an announcement, with its source. | Check the company's About or team page."
83,P1,63,heaps-normal,Heaps Normal,https://heapsnormal.com,Sydney,Growth,no,yes,generic_sector; missing_funding; missing_founded_year; unverified_stage; no_source,"Sector names a business model, not an industry (Consumer); No funding information; Founded year unknown; Stage has never been checked against a source; No source on record","Pick the industry the company serves (sectorFull may help). | Record the latest round from an announcement, with its source. | Check the company's About page."
84,P2,99,leonardo-ai,Leonardo AI,https://leonardo.ai,Sydney,Acquired,yes,yes,stale_hiring; lifecycle_check; missing_funding; missing_founded_year; no_source,"Hiring flag has no dated check (no dated check on record); Marked defunct, acquired or a subsidiary (Acquired); No funding information; Founded year unknown; No source on record","Open the careers page, set the flag from what is listed, and record it as hiring_status evidence. | Confirm the event and its date, and decide whether the company should stay listed. | Record the latest round from an announcement, with its source."
85,P2,92,fastlane,Fastlane,https://usefastlane.ai,Sydney,Early,yes,yes,unapplied_evidence; unapplied_evidence; weak_evidence; missing_funding; missing_investors,"Evidence recorded but not applied to the record (last_funding_round: ""Seed""); Evidence recorded but not applied to the record (last_funding_date: ""2026""); Value rests only on low-confidence evidence (founders: ""Anish Sharma""); No funding information; No investors listed","Review the evidence and apply it to the record, or reject it. | Find a primary source (company page, accelerator profile or investor post)."
86,P2,90,build-club,Build Club,https://buildclub.ai,Sydney,Pre-seed,yes,yes,stale_hiring; missing_funding; missing_founders; unverified_stage; missing_founded_year; approximate_pin; no_source,Hiring flag has no dated check (no dated check on record); No funding information; No founders listed; Stage has never been checked against a source; Founded year unknown; Pin is approximate (no street address); No source on record,"Open the careers page, set the flag from what is listed, and record it as hiring_status evidence. | Record the latest round from an announcement, with its source. | Check the company's About or team page."
87,P2,84,askable,Askable,https://askable.com,Bowen Hills,Series A,yes,yes,stale_hiring; missing_funding; missing_founders; unverified_stage; missing_founded_year; no_source,Hiring flag has no dated check (no dated check on record); No funding information; No founders listed; Stage has never been checked against a source; Founded year unknown; No source on record,"Open the careers page, set the flag from what is listed, and record it as hiring_status evidence. | Record the latest round from an announcement, with its source. | Check the company's About or team page."
88,P2,84,kimia,Kimia (Kimia.ai),https://kimia.ai,Sydney,Seed,yes,yes,stale_hiring; missing_funding; missing_founders; unverified_stage; missing_founded_year; no_source,Hiring flag has no dated check (no dated check on record); No funding information; No founders listed; Stage has never been checked against a source; Founded year unknown; No source on record,"Open the careers page, set the flag from what is listed, and record it as hiring_status evidence. | Record the latest round from an announcement, with its source. | Check the company's About or team page."
89,P2,81,fleet-space-technologies,Fleet Space Technologies,https://fleetspace.com,Adelaide,Early,yes,yes,stale_hiring; stale_stage; missing_funding; no_source,Hiring flag has no dated check (no dated check on record); Stage looks out of date (founded 2015 but still labelled Early); No funding information; No source on record,"Open the careers page, set the flag from what is listed, and record it as hiring_status evidence. | Check for a newer funding round and record stage or last_funding_round evidence. | Record the latest round from an announcement, with its source."
90,P2,80,vervoe,Vervoe,https://vervoe.com,Melbourne,Growth,yes,yes,stale_hiring; missing_funding; missing_founders; missing_founded_year; unverified_stage; no_source,Hiring flag has no dated check (no dated check on record); No funding information; No founders listed; Founded year unknown; Stage has never been checked against a source; No source on record,"Open the careers page, set the flag from what is listed, and record it as hiring_status evidence. | Record the latest round from an announcement, with its source. | Check the company's About or team page."
91,P2,80,cuttable,Cuttable,https://cuttable.ai,Richmond,Other Equity,yes,yes,stale_hiring; missing_funding; missing_founders; missing_founded_year; unverified_stage; no_source,Hiring flag has no dated check (no dated check on record); No funding information; No founders listed; Founded year unknown; Stage has never been checked against a source; No source on record,"Open the careers page, set the flag from what is listed, and record it as hiring_status evidence. | Record the latest round from an announcement, with its source. | Check the company's About or team page."
92,P2,78,lorikeet,Lorikeet,https://www.lorikeet.ai,Sydney,Series A,yes,yes,stale_hiring; missing_funding; unverified_stage; missing_founded_year; approximate_pin; no_source,Hiring flag has no dated check (no dated check on record); No funding information; Stage has never been checked against a source; Founded year unknown; Pin is approximate (no street address); No source on record,"Open the careers page, set the flag from what is listed, and record it as hiring_status evidence. | Record the latest round from an announcement, with its source. | Check the latest funding announcement and record stage or last_funding_round evidence."
93,P2,78,ownhome,OwnHome,https://ownhome.com,Sydney,Series A,yes,yes,stale_hiring; missing_funding; unverified_stage; missing_founded_year; approximate_pin; no_source,Hiring flag has no dated check (no dated check on record); No funding information; Stage has never been checked against a source; Founded year unknown; Pin is approximate (no street address); No source on record,"Open the careers page, set the flag from what is listed, and record it as hiring_status evidence. | Record the latest round from an announcement, with its source. | Check the latest funding announcement and record stage or last_funding_round evidence."
94,P2,78,samsara-eco,Samsara Eco,https://samsaraeco.com,Queanbeyan/Jerrabomberra,Series A,yes,yes,stale_hiring; missing_funding; unverified_stage; missing_founded_year; approximate_pin; no_source,Hiring flag has no dated check (no dated check on record); No funding information; Stage has never been checked against a source; Founded year unknown; Pin is approximate (no street address); No source on record,"Open the careers page, set the flag from what is listed, and record it as hiring_status evidence. | Record the latest round from an announcement, with its source. | Check the latest funding announcement and record stage or last_funding_round evidence."
95,P2,78,secure-code-warrior,Secure Code Warrior,https://www.securecodewarrior.com,Sydney,Series A,yes,yes,stale_hiring; missing_funding; unverified_stage; missing_founded_year; approximate_pin; no_source,Hiring flag has no dated check (no dated check on record); No funding information; Stage has never been checked against a source; Founded year unknown; Pin is approximate (no street address); No source on record,"Open the careers page, set the flag from what is listed, and record it as hiring_status evidence. | Record the latest round from an announcement, with its source. | Check the latest funding announcement and record stage or last_funding_round evidence."
96,P2,78,spriggy,Spriggy,https://spriggy.com.au,Sydney,Series A,yes,yes,stale_hiring; missing_funding; unverified_stage; missing_founded_year; approximate_pin; no_source,Hiring flag has no dated check (no dated check on record); No funding information; Stage has never been checked against a source; Founded year unknown; Pin is approximate (no street address); No source on record,"Open the careers page, set the flag from what is listed, and record it as hiring_status evidence. | Record the latest round from an announcement, with its source. | Check the latest funding announcement and record stage or last_funding_round evidence."
97,P2,77,unloan,Unloan,https://unloan.com.au,Sydney,Subsidiary,no,yes,lifecycle_check; missing_funding; missing_founders; missing_founded_year; approximate_pin; no_source,"Marked defunct, acquired or a subsidiary (Subsidiary); No funding information; No founders listed; Founded year unknown; Pin is approximate (no street address); No source on record","Confirm the event and its date, and decide whether the company should stay listed. | Record the latest round from an announcement, with its source. | Check the company's About or team page."
98,P2,72,archistar,Archistar,https://archistar.ai,Sydney,Seed,yes,yes,stale_hiring; missing_funding; unverified_stage; missing_founded_year; no_source,Hiring flag has no dated check (no dated check on record); No funding information; Stage has never been checked against a source; Founded year unknown; No source on record,"Open the careers page, set the flag from what is listed, and record it as hiring_status evidence. | Record the latest round from an announcement, with its source. | Check the latest funding announcement and record stage or last_funding_round evidence."
99,P2,72,heidi-health,Heidi Health,https://www.heidihealth.com,Melbourne,Seed,yes,yes,stale_hiring; missing_funding; unverified_stage; missing_founded_year; no_source,Hiring flag has no dated check (no dated check on record); No funding information; Stage has never been checked against a source; Founded year unknown; No source on record,"Open the careers page, set the flag from what is listed, and record it as hiring_status evidence. | Record the latest round from an announcement, with its source. | Check the latest funding announcement and record stage or last_funding_round evidence."
100,P2,72,me-and-u,me&u,https://www.meandu.com,Melbourne,Seed,yes,yes,stale_hiring; missing_funding; unverified_stage; missing_founded_year; no_source,Hiring flag has no dated check (no dated check on record); No funding information; Stage has never been checked against a source; Founded year unknown; No source on record,"Open the careers page, set the flag from what is listed, and record it as hiring_status evidence. | Record the latest round from an announcement, with its source. | Check the latest funding announcement and record stage or last_funding_round evidence."
101,P2,72,marqo,Marqo,https://www.marqo.ai,Melbourne,Early,yes,yes,stale_hiring; missing_funding; unverified_stage; missing_founded_year; no_source,Hiring flag has no dated check (no dated check on record); No funding information; Stage has never been checked against a source; Founded year unknown; No source on record,"Open the careers page, set the flag from what is listed, and record it as hiring_status evidence. | Record the latest round from an announcement, with its source. | Check the latest funding announcement and record stage or last_funding_round evidence."
102,P2,68,6clicks,6clicks,https://6clicks.com,Melbourne,Growth,yes,yes,stale_hiring; missing_funding; missing_founded_year; unverified_stage; no_source,Hiring flag has no dated check (no dated check on record); No funding information; Founded year unknown; Stage has never been checked against a source; No source on record,"Open the careers page, set the flag from what is listed, and record it as hiring_status evidence. | Record the latest round from an announcement, with its source. | Check the company's About page."
103,P2,68,brighte,Brighte,https://www.brighte.com.au,Sydney,Series B,yes,yes,stale_hiring; missing_funding; missing_founded_year; unverified_stage; no_source,Hiring flag has no dated check (no dated check on record); No funding information; Founded year unknown; Stage has never been checked against a source; No source on record,"Open the careers page, set the flag from what is listed, and record it as hiring_status evidence. | Record the latest round from an announcement, with its source. | Check the company's About page."
104,P2,68,pet-circle,Pet Circle,https://www.petcircle.com.au,Sydney,Series B,yes,yes,stale_hiring; missing_funding; missing_founded_year; unverified_stage; no_source,Hiring flag has no dated check (no dated check on record); No funding information; Founded year unknown; Stage has never been checked against a source; No source on record,"Open the careers page, set the flag from what is listed, and record it as hiring_status evidence. | Record the latest round from an announcement, with its source. | Check the company's About page."
105,P2,68,sonder,Sonder (employee care),https://sonder.io,Sydney,Growth,yes,yes,stale_hiring; missing_funding; missing_founded_year; unverified_stage; no_source,Hiring flag has no dated check (no dated check on record); No funding information; Founded year unknown; Stage has never been checked against a source; No source on record,"Open the careers page, set the flag from what is listed, and record it as hiring_status evidence. | Record the latest round from an announcement, with its source. | Check the company's About page."
106,P2,66,athena,Athena,https://www.athena.com.au,Sydney,Series B,yes,yes,stale_hiring; missing_funding; approximate_pin; unverified_stage; no_source,Hiring flag has no dated check (no dated check on record); No funding information; Pin is approximate (no street address); Stage has never been checked against a source; No source on record,"Open the careers page, set the flag from what is listed, and record it as hiring_status evidence. | Record the latest round from an announcement, with its source. | Find the registered address (privacy policy, terms or contact page) for an exact pin."
107,P2,66,shippit,Shippit,https://www.shippit.com,Sydney,Series B,yes,yes,stale_hiring; missing_funding; approximate_pin; unverified_stage; no_source,Hiring flag has no dated check (no dated check on record); No funding information; Pin is approximate (no street address); Stage has never been checked against a source; No source on record,"Open the careers page, set the flag from what is listed, and record it as hiring_status evidence. | Record the latest round from an announcement, with its source. | Find the registered address (privacy policy, terms or contact page) for an exact pin."
108,P2,64,amber-electric,Amber Electric,https://www.amber.com.au,Melbourne,Series E,yes,yes,stale_hiring; missing_funding; missing_founded_year; no_source,Hiring flag has no dated check (no dated check on record); No funding information; Founded year unknown; No source on record,"Open the careers page, set the flag from what is listed, and record it as hiring_status evidence. | Record the latest round from an announcement, with its source. | Check the company's About page."
109,P2,62,eucalyptus,Eucalyptus,https://eucalyptus.vc,Sydney,Series C,yes,yes,stale_hiring; missing_funding; approximate_pin; no_source,Hiring flag has no dated check (no dated check on record); No funding information; Pin is approximate (no street address); No source on record,"Open the careers page, set the flag from what is listed, and record it as hiring_status evidence. | Record the latest round from an announcement, with its source. | Find the registered address (privacy policy, terms or contact page) for an exact pin."
110,P2,60,buildkite,Buildkite,https://buildkite.com,Melbourne,Series B,yes,yes,stale_hiring; missing_funding; unverified_stage; no_source,Hiring flag has no dated check (no dated check on record); No funding information; Stage has never been checked against a source; No source on record,"Open the careers page, set the flag from what is listed, and record it as hiring_status evidence. | Record the latest round from an announcement, with its source. | Check the latest funding announcement and record stage or last_funding_round evidence."
111,P2,60,deputy,Deputy,https://www.deputy.com,Sydney,Series B,yes,yes,stale_hiring; missing_funding; unverified_stage; no_source,Hiring flag has no dated check (no dated check on record); No funding information; Stage has never been checked against a source; No source on record,"Open the careers page, set the flag from what is listed, and record it as hiring_status evidence. | Record the latest round from an announcement, with its source. | Check the latest funding announcement and record stage or last_funding_round evidence."
112,P2,60,gilmour-space-technologies,Gilmour Space Technologies,https://gspacetech.com,Yatala,Growth,yes,yes,stale_hiring; missing_funding; unverified_stage; no_source,Hiring flag has no dated check (no dated check on record); No funding information; Stage has never been checked against a source; No source on record,"Open the careers page, set the flag from what is listed, and record it as hiring_status evidence. | Record the latest round from an announcement, with its source. | Check the latest funding announcement and record stage or last_funding_round evidence."
113,P2,60,go1,Go1,https://www.go1.com,Brisbane,Series B+,yes,yes,stale_hiring; missing_funding; unverified_stage; no_source,Hiring flag has no dated check (no dated check on record); No funding information; Stage has never been checked against a source; No source on record,"Open the careers page, set the flag from what is listed, and record it as hiring_status evidence. | Record the latest round from an announcement, with its source. | Check the latest funding announcement and record stage or last_funding_round evidence."
114,P2,60,immutable,Immutable,https://www.immutable.com,Sydney,Series B+,yes,yes,stale_hiring; missing_funding; unverified_stage; no_source,Hiring flag has no dated check (no dated check on record); No funding information; Stage has never been checked against a source; No source on record,"Open the careers page, set the flag from what is listed, and record it as hiring_status evidence. | Record the latest round from an announcement, with its source. | Check the latest funding announcement and record stage or last_funding_round evidence."
115,P2,60,prospa,Prospa,https://www.prospa.com,Sydney,Series B,yes,yes,stale_hiring; missing_funding; unverified_stage; no_source,Hiring flag has no dated check (no dated check on record); No funding information; Stage has never been checked against a source; No source on record,"Open the careers page, set the flag from what is listed, and record it as hiring_status evidence. | Record the latest round from an announcement, with its source. | Check the latest funding announcement and record stage or last_funding_round evidence."
116,P2,60,zeller,Zeller,https://www.myzeller.com,Melbourne,Series B,yes,yes,stale_hiring; missing_funding; unverified_stage; no_source,Hiring flag has no dated check (no dated check on record); No funding information; Stage has never been checked against a source; No source on record,"Open the careers page, set the flag from what is listed, and record it as hiring_status evidence. | Record the latest round from an announcement, with its source. | Check the latest funding announcement and record stage or last_funding_round evidence."
117,P2,56,culture-amp,Culture Amp,https://www.cultureamp.com,Melbourne,Unicorn,yes,yes,stale_hiring; missing_funding; no_source,Hiring flag has no dated check (no dated check on record); No funding information; No source on record,"Open the careers page, set the flag from what is listed, and record it as hiring_status evidence. | Record the latest round from an announcement, with its source. | Record where the core facts were checked (usually the company site) as evidence."
118,P2,56,rokt,Rokt,https://www.rokt.com,Sydney,Unicorn,yes,yes,stale_hiring; missing_funding; no_source,Hiring flag has no dated check (no dated check on record); No funding information; No source on record,"Open the careers page, set the flag from what is listed, and record it as hiring_status evidence. | Record the latest round from an announcement, with its source. | Record where the core facts were checked (usually the company site) as evidence."
119,P2,56,airwallex,Airwallex,https://www.airwallex.com,Melbourne,Series C+,yes,yes,stale_hiring; missing_funding; no_source,Hiring flag has no dated check (no dated check on record); No funding information; No source on record,"Open the careers page, set the flag from what is listed, and record it as hiring_status evidence. | Record the latest round from an announcement, with its source. | Record where the core facts were checked (usually the company site) as evidence."
120,P2,56,employment-hero,Employment Hero,https://employmenthero.com,Sydney,Series C+,yes,yes,stale_hiring; missing_funding; no_source,Hiring flag has no dated check (no dated check on record); No funding information; No source on record,"Open the careers page, set the flag from what is listed, and record it as hiring_status evidence. | Record the latest round from an announcement, with its source. | Record where the core facts were checked (usually the company site) as evidence."
121,P2,20,superstat,Superstat,https://superstatsport.com,Melbourne,Seed,yes,yes,weak_evidence,"Value rests only on low-confidence evidence (address: ""18 Wangaratta Street, Richmond VIC 3121"")","Find a primary source (company page, accelerator profile or investor post)."
122,P3,50,bonjoro,Bonjoro,https://bonjoro.com,Sydney,Seed,no,yes,missing_funding; missing_founders; unverified_stage; missing_founded_year; approximate_pin; no_source,No funding information; No founders listed; Stage has never been checked against a source; Founded year unknown; Pin is approximate (no street address); No source on record,"Record the latest round from an announcement, with its source. | Check the company's About or team page. | Check the latest funding announcement and record stage or last_funding_round evidence."
123,P3,50,calctree,CalcTree,https://calctree.com,Sydney,Seed,no,yes,missing_funding; missing_founders; unverified_stage; missing_founded_year; approximate_pin; no_source,No funding information; No founders listed; Stage has never been checked against a source; Founded year unknown; Pin is approximate (no street address); No source on record,"Record the latest round from an announcement, with its source. | Check the company's About or team page. | Check the latest funding announcement and record stage or last_funding_round evidence."
124,P3,50,onemri,OneMRI,https://onemri.com.au,Brisbane,Seed,no,yes,missing_funding; missing_founders; unverified_stage; missing_founded_year; approximate_pin; no_source,No funding information; No founders listed; Stage has never been checked against a source; Founded year unknown; Pin is approximate (no street address); No source on record,"Record the latest round from an announcement, with its source. | Check the company's About or team page. | Check the latest funding announcement and record stage or last_funding_round evidence."
125,P3,50,psyke,Psyke,https://psyke.co,Sydney,Seed,no,yes,missing_funding; missing_founders; unverified_stage; missing_founded_year; approximate_pin; no_source,No funding information; No founders listed; Stage has never been checked against a source; Founded year unknown; Pin is approximate (no street address); No source on record,"Record the latest round from an announcement, with its source. | Check the company's About or team page. | Check the latest funding announcement and record stage or last_funding_round evidence."
126,P3,50,trace,Trace,https://our-trace.com,Sydney,Seed,no,yes,missing_funding; missing_founders; unverified_stage; missing_founded_year; approximate_pin; no_source,No funding information; No founders listed; Stage has never been checked against a source; Founded year unknown; Pin is approximate (no street address); No source on record,"Record the latest round from an announcement, with its source. | Check the company's About or team page. | Check the latest funding announcement and record stage or last_funding_round evidence."
127,P3,50,vyro,Vyro,https://vyro.com.au,Sydney,Seed,no,yes,missing_funding; missing_founders; unverified_stage; missing_founded_year; approximate_pin; no_source,No funding information; No founders listed; Stage has never been checked against a source; Founded year unknown; Pin is approximate (no street address); No source on record,"Record the latest round from an announcement, with its source. | Check the company's About or team page. | Check the latest funding announcement and record stage or last_funding_round evidence."
128,P3,50,chirp,Chirp,https://trychirp.com,Sydney,Pre-seed,no,yes,missing_funding; missing_founders; unverified_stage; missing_founded_year; approximate_pin; no_source,No funding information; No founders listed; Stage has never been checked against a source; Founded year unknown; Pin is approximate (no street address); No source on record,"Record the latest round from an announcement, with its source. | Check the company's About or team page. | Check the latest funding announcement and record stage or last_funding_round evidence."
129,P3,50,duohub,Duohub,https://duohub.ai,Sydney,Pre-seed,no,yes,missing_funding; missing_founders; unverified_stage; missing_founded_year; approximate_pin; no_source,No funding information; No founders listed; Stage has never been checked against a source; Founded year unknown; Pin is approximate (no street address); No source on record,"Record the latest round from an announcement, with its source. | Check the company's About or team page. | Check the latest funding announcement and record stage or last_funding_round evidence."
130,P3,50,human-health,Human.health,https://human.health,Sydney,Early,no,yes,missing_funding; missing_founders; unverified_stage; missing_founded_year; approximate_pin; no_source,No funding information; No founders listed; Stage has never been checked against a source; Founded year unknown; Pin is approximate (no street address); No source on record,"Record the latest round from an announcement, with its source. | Check the company's About or team page. | Check the latest funding announcement and record stage or last_funding_round evidence."
131,P3,50,linkby,Linkby,https://linkby.com,Sydney,Early,no,yes,missing_funding; missing_founders; unverified_stage; missing_founded_year; approximate_pin; no_source,No funding information; No founders listed; Stage has never been checked against a source; Founded year unknown; Pin is approximate (no street address); No source on record,"Record the latest round from an announcement, with its source. | Check the company's About or team page. | Check the latest funding announcement and record stage or last_funding_round evidence."
132,P3,50,vulnetix,Vulnetix,https://vulnetix.com,Canberra,Pre-seed,no,yes,missing_funding; missing_founders; unverified_stage; missing_founded_year; approximate_pin; no_source,No funding information; No founders listed; Stage has never been checked against a source; Founded year unknown; Pin is approximate (no street address); No source on record,"Record the latest round from an announcement, with its source. | Check the company's About or team page. | Check the latest funding announcement and record stage or last_funding_round evidence."
133,P3,46,home-in,Home-in,https://home-in.com.au,Sydney,Growth,no,yes,missing_funding; missing_founders; missing_founded_year; approximate_pin; unverified_stage; no_source,No funding information; No founders listed; Founded year unknown; Pin is approximate (no street address); Stage has never been checked against a source; No source on record,"Record the latest round from an announcement, with its source. | Check the company's About or team page. | Check the company's About page."
134,P3,46,sherpa,Sherpa (4You Innovation),https://sherpa.net.au,Sydney,Series B,no,yes,missing_funding; missing_founders; missing_founded_year; approximate_pin; unverified_stage; no_source,No funding information; No founders listed; Founded year unknown; Pin is approximate (no street address); Stage has never been checked against a source; No source on record,"Record the latest round from an announcement, with its source. | Check the company's About or team page. | Check the company's About page."
135,P3,46,visory,Visory,https://visory.com.au,Sydney,Growth,no,yes,missing_funding; missing_founders; missing_founded_year; approximate_pin; unverified_stage; no_source,No funding information; No founders listed; Founded year unknown; Pin is approximate (no street address); Stage has never been checked against a source; No source on record,"Record the latest round from an announcement, with its source. | Check the company's About or team page. | Check the company's About page."
136,P3,44,andisor,Andisor,https://andisor.com,Melbourne,Seed,no,yes,missing_funding; missing_founders; unverified_stage; missing_founded_year; no_source,No funding information; No founders listed; Stage has never been checked against a source; Founded year unknown; No source on record,"Record the latest round from an announcement, with its source. | Check the company's About or team page. | Check the latest funding announcement and record stage or last_funding_round evidence."
137,P3,44,asseti,Asseti,https://asseti.co,North Sydney,Seed,no,yes,missing_funding; missing_founders; unverified_stage; missing_founded_year; no_source,No funding information; No founders listed; Stage has never been checked against a source; Founded year unknown; No source on record,"Record the latest round from an announcement, with its source. | Check the company's About or team page. | Check the latest funding announcement and record stage or last_funding_round evidence."
138,P3,44,autograb,AutoGrab,https://autograb.com.au,Melbourne,Series A,no,yes,missing_funding; missing_founders; unverified_stage; missing_founded_year; no_source,No funding information; No founders listed; Stage has never been checked against a source; Founded year unknown; No source on record,"Record the latest round from an announcement, with its source. | Check the company's About or team page. | Check the latest funding announcement and record stage or last_funding_round evidence."
139,P3,44,avarni,Avarni,https://avarni.co,Sydney,Seed,no,yes,missing_funding; missing_founders; unverified_stage; missing_founded_year; no_source,No funding information; No founders listed; Stage has never been checked against a source; Founded year unknown; No source on record,"Record the latest round from an announcement, with its source. | Check the company's About or team page. | Check the latest funding announcement and record stage or last_funding_round evidence."
140,P3,44,biteable,Biteable,https://biteable.com,Melbourne,Series A,no,yes,missing_funding; missing_founders; unverified_stage; missing_founded_year; no_source,No funding information; No founders listed; Stage has never been checked against a source; Founded year unknown; No source on record,"Record the latest round from an announcement, with its source. | Check the company's About or team page. | Check the latest funding announcement and record stage or last_funding_round evidence."
141,P3,44,contactile,Contactile,https://contactile.com,Sydney,Seed,no,yes,missing_funding; missing_founders; unverified_stage; missing_founded_year; no_source,No funding information; No founders listed; Stage has never been checked against a source; Founded year unknown; No source on record,"Record the latest round from an announcement, with its source. | Check the company's About or team page. | Check the latest funding announcement and record stage or last_funding_round evidence."
142,P3,44,datamesh-group,DataMesh Group,https://datameshgroup.com,Sydney,Series A,no,yes,missing_funding; missing_founders; unverified_stage; missing_founded_year; no_source,No funding information; No founders listed; Stage has never been checked against a source; Founded year unknown; No source on record,"Record the latest round from an announcement, with its source. | Check the company's About or team page. | Check the latest funding announcement and record stage or last_funding_round evidence."
143,P3,44,earthodic,Earthodic,https://earthodic.com,Brisbane,Seed,no,yes,missing_funding; missing_founders; unverified_stage; missing_founded_year; no_source,No funding information; No founders listed; Stage has never been checked against a source; Founded year unknown; No source on record,"Record the latest round from an announcement, with its source. | Check the company's About or team page. | Check the latest funding announcement and record stage or last_funding_round evidence."
144,P3,44,ezycollect,ezyCollect,https://ezycollect.com.au,Sydney,Series A,no,yes,missing_funding; missing_founders; unverified_stage; missing_founded_year; no_source,No funding information; No founders listed; Stage has never been checked against a source; Founded year unknown; No source on record,"Record the latest round from an announcement, with its source. | Check the company's About or team page. | Check the latest funding announcement and record stage or last_funding_round evidence."
145,P3,44,factor-house,Factor House,https://factorhouse.io,Melbourne,Seed,no,yes,missing_funding; missing_founders; unverified_stage; missing_founded_year; no_source,No funding information; No founders listed; Stage has never been checked against a source; Founded year unknown; No source on record,"Record the latest round from an announcement, with its source. | Check the company's About or team page. | Check the latest funding announcement and record stage or last_funding_round evidence."
146,P3,44,hometime,Hometime,https://hometime.io,Sydney,Seed,no,yes,missing_funding; missing_founders; unverified_stage; missing_founded_year; no_source,No funding information; No founders listed; Stage has never been checked against a source; Founded year unknown; No source on record,"Record the latest round from an announcement, with its source. | Check the company's About or team page. | Check the latest funding announcement and record stage or last_funding_round evidence."
147,P3,44,loopit,Loopit,https://loopit.co,Sydney,Seed,no,yes,missing_funding; missing_founders; unverified_stage; missing_founded_year; no_source,No funding information; No founders listed; Stage has never been checked against a source; Founded year unknown; No source on record,"Record the latest round from an announcement, with its source. | Check the company's About or team page. | Check the latest funding announcement and record stage or last_funding_round evidence."
148,P3,44,minikai,Minikai,https://minikai.com,Melbourne,Seed,no,yes,missing_funding; missing_founders; unverified_stage; missing_founded_year; no_source,No funding information; No founders listed; Stage has never been checked against a source; Founded year unknown; No source on record,"Record the latest round from an announcement, with its source. | Check the company's About or team page. | Check the latest funding announcement and record stage or last_funding_round evidence."
149,P3,44,moregooddays,MoreGoodDays,https://moregooddays.com,Melbourne,Seed,no,yes,missing_funding; missing_founders; unverified_stage; missing_founded_year; no_source,No funding information; No founders listed; Stage has never been checked against a source; Founded year unknown; No source on record,"Record the latest round from an announcement, with its source. | Check the company's About or team page. | Check the latest funding announcement and record stage or last_funding_round evidence."
150,P3,44,mx51,mx51,https://mx51.io,Sydney,Series A,no,yes,missing_funding; missing_founders; unverified_stage; missing_founded_year; no_source,No funding information; No founders listed; Stage has never been checked against a source; Founded year unknown; No source on record,"Record the latest round from an announcement, with its source. | Check the company's About or team page. | Check the latest funding announcement and record stage or last_funding_round evidence."
151,P3,44,pairtree,Pairtree,https://pairtree.co,Orange,Seed,no,yes,missing_funding; missing_founders; unverified_stage; missing_founded_year; no_source,No funding information; No founders listed; Stage has never been checked against a source; Founded year unknown; No source on record,"Record the latest round from an announcement, with its source. | Check the company's About or team page. | Check the latest funding announcement and record stage or last_funding_round evidence."
152,P3,44,payble,Payble,https://payble.com.au,Sydney,Seed,no,yes,missing_funding; missing_founders; unverified_stage; missing_founded_year; no_source,No funding information; No founders listed; Stage has never been checked against a source; Founded year unknown; No source on record,"Record the latest round from an announcement, with its source. | Check the company's About or team page. | Check the latest funding announcement and record stage or last_funding_round evidence."
153,P3,44,reach-alternative-investments,Reach Alternative Investments,https://reachalts.com.au,Sydney,Seed,no,yes,missing_funding; missing_founders; unverified_stage; missing_founded_year; no_source,No funding information; No founders listed; Stage has never been checked against a source; Founded year unknown; No source on record,"Record the latest round from an announcement, with its source. | Check the company's About or team page. | Check the latest funding announcement and record stage or last_funding_round evidence."
154,P3,44,securepii,SecurePII,https://securepii.cloud,Brisbane,Seed,no,yes,missing_funding; missing_founders; unverified_stage; missing_founded_year; no_source,No funding information; No founders listed; Stage has never been checked against a source; Founded year unknown; No source on record,"Record the latest round from an announcement, with its source. | Check the company's About or team page. | Check the latest funding announcement and record stage or last_funding_round evidence."
155,P3,44,signonsite,SignOnSite,https://signonsite.com.au,Deakin,Seed,no,yes,missing_funding; missing_founders; unverified_stage; missing_founded_year; no_source,No funding information; No founders listed; Stage has never been checked against a source; Founded year unknown; No source on record,"Record the latest round from an announcement, with its source. | Check the company's About or team page. | Check the latest funding announcement and record stage or last_funding_round evidence."
156,P3,44,slyp,Slyp,https://slyp.com.au,Sydney,Series A,no,yes,missing_funding; missing_founders; unverified_stage; missing_founded_year; no_source,No funding information; No founders listed; Stage has never been checked against a source; Founded year unknown; No source on record,"Record the latest round from an announcement, with its source. | Check the company's About or team page. | Check the latest funding announcement and record stage or last_funding_round evidence."
157,P3,44,start-my-tomorrow,Start My Tomorrow (TMRW),https://startmytomorrow.com,Sydney,Seed,no,yes,missing_funding; missing_founders; unverified_stage; missing_founded_year; no_source,No funding information; No founders listed; Stage has never been checked against a source; Founded year unknown; No source on record,"Record the latest round from an announcement, with its source. | Check the company's About or team page. | Check the latest funding announcement and record stage or last_funding_round evidence."
158,P3,44,tiliter,Tiliter,https://tiliter.com,Sydney,Series A,no,yes,missing_funding; missing_founders; unverified_stage; missing_founded_year; no_source,No funding information; No founders listed; Stage has never been checked against a source; Founded year unknown; No source on record,"Record the latest round from an announcement, with its source. | Check the company's About or team page. | Check the latest funding announcement and record stage or last_funding_round evidence."
159,P3,44,vexev,Vexev,https://vexev.com,Sydney,Series A,no,yes,missing_funding; missing_founders; unverified_stage; missing_founded_year; no_source,No funding information; No founders listed; Stage has never been checked against a source; Founded year unknown; No source on record,"Record the latest round from an announcement, with its source. | Check the company's About or team page. | Check the latest funding announcement and record stage or last_funding_round evidence."
160,P3,44,visibuild,Visibuild,https://visibuild.com,Sydney,Seed,no,yes,missing_funding; missing_founders; unverified_stage; missing_founded_year; no_source,No funding information; No founders listed; Stage has never been checked against a source; Founded year unknown; No source on record,"Record the latest round from an announcement, with its source. | Check the company's About or team page. | Check the latest funding announcement and record stage or last_funding_round evidence."
161,P3,44,apate-ai,Apate AI,https://apate.ai,Sydney,Early,no,yes,missing_funding; missing_founders; unverified_stage; missing_founded_year; no_source,No funding information; No founders listed; Stage has never been checked against a source; Founded year unknown; No source on record,"Record the latest round from an announcement, with its source. | Check the company's About or team page. | Check the latest funding announcement and record stage or last_funding_round evidence."
162,P3,44,bookipi,Bookipi,https://bookipi.com,Sydney,Early,no,yes,missing_funding; missing_founders; unverified_stage; missing_founded_year; no_source,No funding information; No founders listed; Stage has never been checked against a source; Founded year unknown; No source on record,"Record the latest round from an announcement, with its source. | Check the company's About or team page. | Check the latest funding announcement and record stage or last_funding_round evidence."
163,P3,44,buildpass,BuildPass,https://buildpass.com.au,Melbourne,Early,no,yes,missing_funding; missing_founders; unverified_stage; missing_founded_year; no_source,No funding information; No founders listed; Stage has never been checked against a source; Founded year unknown; No source on record,"Record the latest round from an announcement, with its source. | Check the company's About or team page. | Check the latest funding announcement and record stage or last_funding_round evidence."
164,P3,44,circular-sourcing,Circular Sourcing,https://circularsourcing.world,Melbourne,Pre-seed,no,yes,missing_funding; missing_founders; unverified_stage; missing_founded_year; no_source,No funding information; No founders listed; Stage has never been checked against a source; Founded year unknown; No source on record,"Record the latest round from an announcement, with its source. | Check the company's About or team page. | Check the latest funding announcement and record stage or last_funding_round evidence."
165,P3,44,coassemble,Coassemble,https://coassemble.com,Newcastle,Early,no,yes,missing_funding; missing_founders; unverified_stage; missing_founded_year; no_source,No funding information; No founders listed; Stage has never been checked against a source; Founded year unknown; No source on record,"Record the latest round from an announcement, with its source. | Check the company's About or team page. | Check the latest funding announcement and record stage or last_funding_round evidence."
166,P3,44,fluency,Fluency,https://getfluency.com.au,Melbourne,Pre-seed,no,yes,missing_funding; missing_founders; unverified_stage; missing_founded_year; no_source,No funding information; No founders listed; Stage has never been checked against a source; Founded year unknown; No source on record,"Record the latest round from an announcement, with its source. | Check the company's About or team page. | Check the latest funding announcement and record stage or last_funding_round evidence."
167,P3,44,kit,Kit,https://heykit.com.au,Sydney,Early,no,yes,missing_funding; missing_founders; unverified_stage; missing_founded_year; no_source,No funding information; No founders listed; Stage has never been checked against a source; Founded year unknown; No source on record,"Record the latest round from an announcement, with its source. | Check the company's About or team page. | Check the latest funding announcement and record stage or last_funding_round evidence."
168,P3,44,landid,Landid,https://heylandid.com,Brisbane,Pre-seed,no,yes,missing_funding; missing_founders; unverified_stage; missing_founded_year; no_source,No funding information; No founders listed; Stage has never been checked against a source; Founded year unknown; No source on record,"Record the latest round from an announcement, with its source. | Check the company's About or team page. | Check the latest funding announcement and record stage or last_funding_round evidence."
169,P3,44,mary-technology,Mary Technology,https://www.marytechnology.com,Sydney,Early,no,yes,missing_funding; missing_founders; unverified_stage; missing_founded_year; no_source,No funding information; No founders listed; Stage has never been checked against a source; Founded year unknown; No source on record,"Record the latest round from an announcement, with its source. | Check the company's About or team page. | Check the latest funding announcement and record stage or last_funding_round evidence."
170,P3,44,mentorloop,Mentorloop,https://mentorloop.com,Melbourne,Early,no,yes,missing_funding; missing_founders; unverified_stage; missing_founded_year; no_source,No funding information; No founders listed; Stage has never been checked against a source; Founded year unknown; No source on record,"Record the latest round from an announcement, with its source. | Check the company's About or team page. | Check the latest funding announcement and record stage or last_funding_round evidence."
171,P3,44,puralink,Puralink,https://puralink.com.au,Sydney,Pre-seed,no,yes,missing_funding; missing_founders; unverified_stage; missing_founded_year; no_source,No funding information; No founders listed; Stage has never been checked against a source; Founded year unknown; No source on record,"Record the latest round from an announcement, with its source. | Check the company's About or team page. | Check the latest funding announcement and record stage or last_funding_round evidence."
172,P3,44,pyn,Pyn,https://www.pynhq.com,Sydney,Early,no,yes,missing_funding; missing_founders; unverified_stage; missing_founded_year; no_source,No funding information; No founders listed; Stage has never been checked against a source; Founded year unknown; No source on record,"Record the latest round from an announcement, with its source. | Check the company's About or team page. | Check the latest funding announcement and record stage or last_funding_round evidence."
173,P3,44,truyu,Truyu,https://truyu.com.au,Sydney,Early,no,yes,missing_funding; missing_founders; unverified_stage; missing_founded_year; no_source,No funding information; No founders listed; Stage has never been checked against a source; Founded year unknown; No source on record,"Record the latest round from an announcement, with its source. | Check the company's About or team page. | Check the latest funding announcement and record stage or last_funding_round evidence."
174,P3,40,amazingco,AmazingCo,https://amazingco.me,Richmond,Growth,no,yes,missing_funding; missing_founders; missing_founded_year; unverified_stage; no_source,No funding information; No founders listed; Founded year unknown; Stage has never been checked against a source; No source on record,"Record the latest round from an announcement, with its source. | Check the company's About or team page. | Check the company's About page."
175,P3,40,cascade,Cascade,https://cascade.app,Brisbane,Growth,no,yes,missing_funding; missing_founders; missing_founded_year; unverified_stage; no_source,No funding information; No founders listed; Founded year unknown; Stage has never been checked against a source; No source on record,"Record the latest round from an announcement, with its source. | Check the company's About or team page. | Check the company's About page."
176,P3,40,doshii,Doshii,https://doshii.com,Sydney,Growth,no,yes,missing_funding; missing_founders; missing_founded_year; unverified_stage; no_source,No funding information; No founders listed; Founded year unknown; Stage has never been checked against a source; No source on record,"Record the latest round from an announcement, with its source. | Check the company's About or team page. | Check the company's About page."
177,P3,40,drawboard,Drawboard,https://drawboard.com,Melbourne,Growth,no,yes,missing_funding; missing_founders; missing_founded_year; unverified_stage; no_source,No funding information; No founders listed; Founded year unknown; Stage has never been checked against a source; No source on record,"Record the latest round from an announcement, with its source. | Check the company's About or team page. | Check the company's About page."
178,P3,40,eatclub,EatClub,https://eatclub.com.au,Melbourne,Growth,no,yes,missing_funding; missing_founders; missing_founded_year; unverified_stage; no_source,No funding information; No founders listed; Founded year unknown; Stage has never been checked against a source; No source on record,"Record the latest round from an announcement, with its source. | Check the company's About or team page. | Check the company's About page."
179,P3,40,edstart,Edstart,https://edstart.com.au,Sydney,Growth,no,yes,missing_funding; missing_founders; missing_founded_year; unverified_stage; no_source,No funding information; No founders listed; Founded year unknown; Stage has never been checked against a source; No source on record,"Record the latest round from an announcement, with its source. | Check the company's About or team page. | Check the company's About page."
180,P3,40,etrainu,etrainu,https://etrainu.com,Milton,Growth,no,yes,missing_funding; missing_founders; missing_founded_year; unverified_stage; no_source,No funding information; No founders listed; Founded year unknown; Stage has never been checked against a source; No source on record,"Record the latest round from an announcement, with its source. | Check the company's About or team page. | Check the company's About page."
181,P3,40,healthengine,HealthEngine,https://healthengine.com.au,Perth,Growth,no,yes,missing_funding; missing_founders; missing_founded_year; unverified_stage; no_source,No funding information; No founders listed; Founded year unknown; Stage has never been checked against a source; No source on record,"Record the latest round from an announcement, with its source. | Check the company's About or team page. | Check the company's About page."
182,P3,40,ipscape,ipSCAPE,https://ipscape.com,North Sydney,Growth,no,yes,missing_funding; missing_founders; missing_founded_year; unverified_stage; no_source,No funding information; No founders listed; Founded year unknown; Stage has never been checked against a source; No source on record,"Record the latest round from an announcement, with its source. | Check the company's About or team page. | Check the company's About page."
183,P3,40,rosterfy,Rosterfy,https://rosterfy.com,Melbourne,Growth,no,yes,missing_funding; missing_founders; missing_founded_year; unverified_stage; no_source,No funding information; No founders listed; Founded year unknown; Stage has never been checked against a source; No source on record,"Record the latest round from an announcement, with its source. | Check the company's About or team page. | Check the company's About page."
184,P3,40,zero-latency,Zero Latency,https://zerolatencyvr.com,Melbourne,Growth,no,yes,missing_funding; missing_founders; missing_founded_year; unverified_stage; no_source,No funding information; No founders listed; Founded year unknown; Stage has never been checked against a source; No source on record,"Record the latest round from an announcement, with its source. | Check the company's About or team page. | Check the company's About page."
185,P3,38,mercu,Mercu,https://mercu.io,Sydney,Seed,no,yes,missing_funding; unverified_stage; missing_founded_year; approximate_pin; no_source,No funding information; Stage has never been checked against a source; Founded year unknown; Pin is approximate (no street address); No source on record,"Record the latest round from an announcement, with its source. | Check the latest funding announcement and record stage or last_funding_round evidence. | Check the company's About page."
186,P3,38,safewill,Safewill,https://safewill.com,Sydney,Series A,no,yes,missing_funding; unverified_stage; missing_founded_year; approximate_pin; no_source,No funding information; Stage has never been checked against a source; Founded year unknown; Pin is approximate (no street address); No source on record,"Record the latest round from an announcement, with its source. | Check the latest funding announcement and record stage or last_funding_round evidence. | Check the company's About page."
187,P3,38,bridgit,Bridgit,https://bridgit.com.au,Newcastle,Early,no,yes,missing_funding; unverified_stage; missing_founded_year; approximate_pin; no_source,No funding information; Stage has never been checked against a source; Founded year unknown; Pin is approximate (no street address); No source on record,"Record the latest round from an announcement, with its source. | Check the latest funding announcement and record stage or last_funding_round evidence. | Check the company's About page."
188,P3,34,atomi,Atomi,https://getatomi.com,Sydney,Growth,no,yes,missing_funding; missing_founded_year; approximate_pin; unverified_stage; no_source,No funding information; Founded year unknown; Pin is approximate (no street address); Stage has never been checked against a source; No source on record,"Record the latest round from an announcement, with its source. | Check the company's About page. | Find the registered address (privacy policy, terms or contact page) for an exact pin."
189,P3,34,enboarder,Enboarder,https://enboarder.com,Sydney,Growth,no,yes,missing_funding; missing_founded_year; approximate_pin; unverified_stage; no_source,No funding information; Founded year unknown; Pin is approximate (no street address); Stage has never been checked against a source; No source on record,"Record the latest round from an announcement, with its source. | Check the company's About page. | Find the registered address (privacy policy, terms or contact page) for an exact pin."
190,P3,34,hone,Hone (HoneAg),https://honeag.com,Newcastle,Series B,no,yes,missing_funding; missing_founded_year; approximate_pin; unverified_stage; no_source,No funding information; Founded year unknown; Pin is approximate (no street address); Stage has never been checked against a source; No source on record,"Record the latest round from an announcement, with its source. | Check the company's About page. | Find the registered address (privacy policy, terms or contact page) for an exact pin."
191,P3,32,driva,Driva,https://driva.com.au,Sydney,Series A,no,yes,missing_funding; unverified_stage; missing_founded_year; no_source,No funding information; Stage has never been checked against a source; Founded year unknown; No source on record,"Record the latest round from an announcement, with its source. | Check the latest funding announcement and record stage or last_funding_round evidence. | Check the company's About page."
192,P3,32,investorhub,InvestorHub,https://investorhub.com,Melbourne,Series A,no,yes,missing_funding; unverified_stage; missing_founded_year; no_source,No funding information; Stage has never been checked against a source; Founded year unknown; No source on record,"Record the latest round from an announcement, with its source. | Check the latest funding announcement and record stage or last_funding_round evidence. | Check the company's About page."
193,P3,32,kismet,Kismet,https://kismet.com.au,Sydney,Seed,no,yes,missing_funding; unverified_stage; missing_founded_year; no_source,No funding information; Stage has never been checked against a source; Founded year unknown; No source on record,"Record the latest round from an announcement, with its source. | Check the latest funding announcement and record stage or last_funding_round evidence. | Check the company's About page."
194,P3,32,rapidaim,RapidAIM,https://rapidaim.io,Brisbane,Seed,no,yes,missing_funding; unverified_stage; missing_founded_year; no_source,No funding information; Stage has never been checked against a source; Founded year unknown; No source on record,"Record the latest round from an announcement, with its source. | Check the latest funding announcement and record stage or last_funding_round evidence. | Check the company's About page."
195,P3,32,sherlok,Sherlok,https://sherlok.com.au,Adelaide,Series A,no,yes,missing_funding; unverified_stage; missing_founded_year; no_source,No funding information; Stage has never been checked against a source; Founded year unknown; No source on record,"Record the latest round from an announcement, with its source. | Check the latest funding announcement and record stage or last_funding_round evidence. | Check the company's About page."
196,P3,32,vow,Vow,https://vowfood.com,Sydney,Series A,no,yes,missing_funding; unverified_stage; missing_founded_year; no_source,No funding information; Stage has never been checked against a source; Founded year unknown; No source on record,"Record the latest round from an announcement, with its source. | Check the latest funding announcement and record stage or last_funding_round evidence. | Check the company's About page."
197,P3,32,biza-io,Biza.io,https://biza.io,Brisbane,Early,no,yes,missing_funding; unverified_stage; missing_founded_year; no_source,No funding information; Stage has never been checked against a source; Founded year unknown; No source on record,"Record the latest round from an announcement, with its source. | Check the latest funding announcement and record stage or last_funding_round evidence. | Check the company's About page."
198,P3,32,clear-dynamics,Clear Dynamics,https://cleardynamics.com.au,Sydney,Early,no,yes,missing_funding; unverified_stage; missing_founded_year; no_source,No funding information; Stage has never been checked against a source; Founded year unknown; No source on record,"Record the latest round from an announcement, with its source. | Check the latest funding announcement and record stage or last_funding_round evidence. | Check the company's About page."
199,P3,32,josef,Josef,https://joseflegal.com,Melbourne,Early,no,yes,missing_funding; unverified_stage; missing_founded_year; no_source,No funding information; Stage has never been checked against a source; Founded year unknown; No source on record,"Record the latest round from an announcement, with its source. | Check the latest funding announcement and record stage or last_funding_round evidence. | Check the company's About page."
200,P3,32,mastt,Mastt,https://mastt.com,Sydney,Early,no,yes,missing_funding; unverified_stage; missing_founded_year; no_source,No funding information; Stage has never been checked against a source; Founded year unknown; No source on record,"Record the latest round from an announcement, with its source. | Check the latest funding announcement and record stage or last_funding_round evidence. | Check the company's About page."
201,P3,32,matrak,Matrak,https://matrak.com.au,Melbourne,Early,no,yes,missing_funding; unverified_stage; missing_founded_year; no_source,No funding information; Stage has never been checked against a source; Founded year unknown; No source on record,"Record the latest round from an announcement, with its source. | Check the latest funding announcement and record stage or last_funding_round evidence. | Check the company's About page."
202,P3,32,mod-io,Mod.io,https://mod.io,Melbourne,Early,no,yes,missing_funding; unverified_stage; missing_founded_year; no_source,No funding information; Stage has never been checked against a source; Founded year unknown; No source on record,"Record the latest round from an announcement, with its source. | Check the latest funding announcement and record stage or last_funding_round evidence. | Check the company's About page."
203,P3,32,zitcha,Zitcha,https://zitcha.com,Melbourne,Early,no,yes,missing_funding; unverified_stage; missing_founded_year; no_source,No funding information; Stage has never been checked against a source; Founded year unknown; No source on record,"Record the latest round from an announcement, with its source. | Check the latest funding announcement and record stage or last_funding_round evidence. | Check the company's About page."
204,P3,28,agridigital,AgriDigital,https://www.agridigital.io,Sydney,Growth,no,yes,missing_funding; missing_founded_year; unverified_stage; no_source,No funding information; Founded year unknown; Stage has never been checked against a source; No source on record,"Record the latest round from an announcement, with its source. | Check the company's About page. | Check the latest funding announcement and record stage or last_funding_round evidence."
205,P3,28,bivacor,BiVACOR,https://bivacor.com,Gold Coast,Growth,no,yes,missing_funding; missing_founded_year; unverified_stage; no_source,No funding information; Founded year unknown; Stage has never been checked against a source; No source on record,"Record the latest round from an announcement, with its source. | Check the company's About page. | Check the latest funding announcement and record stage or last_funding_round evidence."
206,P3,28,coviu,Coviu,https://coviu.com,Sydney,Growth,no,yes,missing_funding; missing_founded_year; unverified_stage; no_source,No funding information; Founded year unknown; Stage has never been checked against a source; No source on record,"Record the latest round from an announcement, with its source. | Check the company's About page. | Check the latest funding announcement and record stage or last_funding_round evidence."
207,P3,28,diraq,Diraq,https://diraq.com,Sydney,Series B,no,yes,missing_funding; missing_founded_year; unverified_stage; no_source,No funding information; Founded year unknown; Stage has never been checked against a source; No source on record,"Record the latest round from an announcement, with its source. | Check the company's About page. | Check the latest funding announcement and record stage or last_funding_round evidence."
208,P3,28,eftsure,Eftsure,https://eftsure.com,Sydney,Growth,no,yes,missing_funding; missing_founded_year; unverified_stage; no_source,No funding information; Founded year unknown; Stage has never been checked against a source; No source on record,"Record the latest round from an announcement, with its source. | Check the company's About page. | Check the latest funding announcement and record stage or last_funding_round evidence."
209,P3,28,kasada,Kasada,https://kasada.io,Sydney,Growth,no,yes,missing_funding; missing_founded_year; unverified_stage; no_source,No funding information; Founded year unknown; Stage has never been checked against a source; No source on record,"Record the latest round from an announcement, with its source. | Check the company's About page. | Check the latest funding announcement and record stage or last_funding_round evidence."
210,P3,28,myriota,Myriota,https://myriota.com,Adelaide,Series B,no,yes,missing_funding; missing_founded_year; unverified_stage; no_source,No funding information; Founded year unknown; Stage has never been checked against a source; No source on record,"Record the latest round from an announcement, with its source. | Check the company's About page. | Check the latest funding announcement and record stage or last_funding_round evidence."
211,P3,28,opensolar,OpenSolar,https://opensolar.com,Sydney (Chippendale),Growth,no,yes,missing_funding; missing_founded_year; unverified_stage; no_source,No funding information; Founded year unknown; Stage has never been checked against a source; No source on record,"Record the latest round from an announcement, with its source. | Check the company's About page. | Check the latest funding announcement and record stage or last_funding_round evidence."
212,P3,28,sitemate,Sitemate,https://sitemate.com,Sydney,Growth,no,yes,missing_funding; missing_founded_year; unverified_stage; no_source,No funding information; Founded year unknown; Stage has never been checked against a source; No source on record,"Record the latest round from an announcement, with its source. | Check the company's About page. | Check the latest funding announcement and record stage or last_funding_round evidence."
213,P3,28,swarmfarm-robotics,SwarmFarm Robotics,https://swarmfarm.com,Gindie (nr Emerald),Series B,no,yes,missing_funding; missing_founded_year; unverified_stage; no_source,No funding information; Founded year unknown; Stage has never been checked against a source; No source on record,"Record the latest round from an announcement, with its source. | Check the company's About page. | Check the latest funding announcement and record stage or last_funding_round evidence."
214,P3,28,v2food,v2food,https://v2food.com,Sydney,Growth,no,yes,missing_funding; missing_founded_year; unverified_stage; no_source,No funding information; Founded year unknown; Stage has never been checked against a source; No source on record,"Record the latest round from an announcement, with its source. | Check the company's About page. | Check the latest funding announcement and record stage or last_funding_round evidence."
215,P3,28,vaxxas,Vaxxas,https://vaxxas.com,Brisbane,Growth,no,yes,missing_funding; missing_founded_year; unverified_stage; no_source,No funding information; Founded year unknown; Stage has never been checked against a source; No source on record,"Record the latest round from an announcement, with its source. | Check the company's About page. | Check the latest funding announcement and record stage or last_funding_round evidence."
216,P3,24,neara,Neara,https://neara.com,Sydney,Series D,no,yes,missing_funding; missing_founded_year; no_source,No funding information; Founded year unknown; No source on record,"Record the latest round from an announcement, with its source. | Check the company's About page. | Record where the core facts were checked (usually the company site) as evidence."
